{
  "frontend/next.config.ts": 1774437441.8434684,
  "frontend/next-env.d.ts": 1776270688.8639436,
  "frontend/src/components/results/TextNodeRenderer.tsx": 1774036370.992507,
  "frontend/src/components/results/EvidenceBadge.tsx": 1776080026.4202452,
  "frontend/src/components/results/TruncatedList.tsx": 1774036376.272544,
  "frontend/src/components/results/DisclaimerBanner.tsx": 1776270688.8679435,
  "frontend/src/components/results/ProcedureResult.tsx": 1776270688.8679435,
  "frontend/src/components/results/AdaptiveResultRenderer.tsx": 1776270688.8679435,
  "frontend/src/components/results/EvidenceResult.tsx": 1776270688.8679435,
  "frontend/src/components/results/ResultChrome.tsx": 1776270688.8719435,
  "frontend/src/components/results/ComparativeResult.tsx": 1776270688.8679435,
  "frontend/src/components/results/DiseaseInfoResult.tsx": 1776270688.8679435,
  "frontend/src/components/results/GeneralResult.tsx": 1776270688.8679435,
  "frontend/src/components/results/ReferenceList.tsx": 1776270688.8679435,
  "frontend/src/components/results/DrugInfoResult.tsx": 1776270688.8679435,
  "frontend/src/components/results/ClaimItem.tsx": 1774040653.2088034,
  "frontend/src/components/ui/Skeleton.tsx": 1774036341.852303,
  "frontend/src/components/ui/SearchBar.tsx": 1774036347.9283457,
  "frontend/src/components/ui/ThinkingAnimation.tsx": 1776270688.8719435,
  "frontend/src/components/ui/Accordion.tsx": 1776270688.8719435,
  "frontend/src/components/ui/TetrisModal.tsx": 1776274407.6707163,
  "frontend/src/components/ui/SearchHistorySidebar.tsx": 1774285780.4108894,
  "frontend/src/components/ui/Badge.tsx": 1774036328.1922076,
  "frontend/src/components/ui/Button.tsx": 1774036323.8881774,
  "frontend/src/components/ui/Card.tsx": 1774036337.4802725,
  "frontend/src/components/layout/Footer.tsx": 1776274287.3698528,
  "frontend/src/components/layout/Header.tsx": 1776276009.3621125,
  "frontend/src/components/layout/MobileNav.tsx": 1774036319.0041432,
  "frontend/src/components/providers/AuthProvider.tsx": 1776270688.8639436,
  "frontend/src/components/providers/QueryProvider.tsx": 1776278721.5933208,
  "frontend/src/app/page.tsx": 1776270688.783943,
  "frontend/src/app/layout.tsx": 1776274299.0699368,
  "frontend/src/app/api/query/route.ts": 1776270688.783943,
  "frontend/src/app/api/documents/route.ts": 1776270688.783943,
  "frontend/src/app/api/documents/[id]/route.ts": 1776270688.783943,
  "frontend/src/app/api/documents/upload/route.ts": 1776270688.783943,
  "frontend/src/app/api/auth/llm-key/route.ts": 1776270688.783943,
  "frontend/src/app/api/history/route.ts": 1776270688.783943,
  "frontend/src/app/api/history/[id]/route.ts": 1776270688.783943,
  "frontend/src/app/about/page.tsx": 1776274334.32619,
  "frontend/src/app/query/page.tsx": 1776270688.8639436,
  "frontend/src/app/documents/page.tsx": 1776270688.783943,
  "frontend/src/app/settings/page.tsx": 1776270688.8639436,
  "frontend/src/app/login/page.tsx": 1776278717.6572928,
  "frontend/src/app/register/page.tsx": 1776270688.8639436,
  "frontend/src/hooks/useSearchHistory.ts": 1776270688.787943,
  "frontend/src/hooks/useTheme.ts": 1774334874.717792,
  "frontend/src/lib/api.ts": 1776270688.787943,
  "frontend/src/lib/constants.ts": 1776270688.8719435,
  "frontend/src/lib/firebase.ts": 1776270688.8719435,
  "frontend/src/lib/formatters.ts": 1774036278.4438593,
  "frontend/src/lib/types.ts": 1776270688.8719435,
  "scripts/test_speed.py": 1776270688.8839436,
  "scripts/test_cohesiveness.py": 1776270688.8839436,
  "scripts/test_security.py": 1776270688.8839436,
  "scripts/test_backend.py": 1776270688.8799436,
  "scripts/test_frontend.py": 1776270688.8839436,
  "backend/migrations/env.py": 1776270688.779943,
  "backend/migrations/versions/002_vector_search.py": 1774203038.3236103,
  "backend/migrations/versions/003_user_profile_and_r2.py": 1774285861.2954643,
  "backend/migrations/versions/001_initial_schema.py": 1774036189.4592357,
  "backend/migrations/versions/004_semantic_cache.py": 1774413523.9863997,
  "backend/tests/test_m1_prompt_engine.py": 1774412670.2649632,
  "backend/tests/test_m3b_scraping.py": 1774413313.701008,
  "backend/tests/test_m4_semantic_cache.py": 1774413778.3601043,
  "backend/tests/test_m3a_drug_rag.py": 1774412371.7473192,
  "backend/tests/__init__.py": 1774377361.2467632,
  "backend/tests/test_m2_url_builder.py": 1774411413.353537,
  "backend/tests/test_dspy_comparison.py": 1776270688.8599434,
  "backend/tests/integration/test_rag_pipeline.py": 1776270688.8559434,
  "backend/app/__init__.py": 1774035785.24039,
  "backend/app/config.py": 1776278713.3972628,
  "backend/app/main.py": 1776270688.8479433,
  "backend/app/api/__init__.py": 1774035919.581339,
  "backend/app/api/v1/models.py": 1774035942.7495022,
  "backend/app/api/v1/__init__.py": 1774035921.4853523,
  "backend/app/api/v1/health.py": 1774035931.0454197,
  "backend/app/api/v1/history.py": 1774285731.8345442,
  "backend/app/api/v1/auth_routes.py": 1776270688.8479433,
  "backend/app/api/v1/documents.py": 1776270688.8479433,
  "backend/app/api/v1/query.py": 1776270688.8479433,
  "backend/app/middleware/payload_limit.py": 1774211354.1876323,
  "backend/app/middleware/__init__.py": 1774035832.5727248,
  "backend/app/middleware/firebase_auth.py": 1776271907.9447002,
  "backend/app/middleware/rate_limit.py": 1776278710.4572418,
  "backend/app/services/source_router.py": 1776270688.8559434,
  "backend/app/services/json_repair.py": 1776270688.8559434,
  "backend/app/services/dspy_modules.py": 1776270688.8519435,
  "backend/app/services/circuit_breaker.py": 1776270688.8519435,
  "backend/app/services/__init__.py": 1774035945.573522,
  "backend/app/services/dspy_lm.py": 1776270688.8519435,
  "backend/app/services/vector_search.py": 1776270688.8559434,
  "backend/app/services/cost_estimator.py": 1774414133.174846,
  "backend/app/services/rag_pipeline.py": 1776272804.2790477,
  "backend/app/services/pdf_verifier.py": 1774414133.174846,
  "backend/app/services/cache.py": 1776270688.8519435,
  "backend/app/services/semantic_cache.py": 1774414133.1788461,
  "backend/app/services/ingestion.py": 1774414133.1788461,
  "backend/app/services/citation_validator.py": 1776270688.8519435,
  "backend/app/services/prompt_engine.py": 1776270688.8559434,
  "backend/app/services/byok.py": 1776270688.8519435,
  "backend/app/services/embedder.py": 1776270688.8559434,
  "backend/app/services/query_classifier.py": 1776270688.8559434,
  "backend/app/services/llm_factory.py": 1776270688.8559434,
  "backend/app/services/dspy_signatures.py": 1776270688.8559434,
  "backend/app/services/data_fetcher.py": 1776270688.8519435,
  "backend/app/services/url_builder.py": 1774427589.9705486,
  "backend/app/services/drug_linker.py": 1774115525.6280792,
  "backend/app/services/safety_checker.py": 1774437909.858724,
  "backend/app/services/r2_storage.py": 1774414133.1788461,
  "backend/app/services/scraping_response.py": 1776270688.8559434,
  "backend/app/core/__init__.py": 1774035852.0688624,
  "backend/app/core/auth.py": 1774115525.6240792,
  "backend/app/schemas/models.py": 1776270688.8519435,
  "backend/app/schemas/__init__.py": 1774035880.6370642,
  "backend/app/schemas/auth.py": 1776270688.8519435,
  "backend/app/schemas/query.py": 1776270688.8519435,
  "backend/app/db/__init__.py": 1774035800.6004987,
  "backend/app/db/init_db.py": 1774035807.2245455,
  "backend/app/db/session.py": 1776270688.8479433,
  "backend/app/models/base.py": 1774115525.6240792,
  "backend/app/models/document.py": 1774414133.174846,
  "backend/app/models/__init__.py": 1774285918.5798717,
  "backend/app/models/search_history.py": 1774285677.466158,
  "backend/app/models/user.py": 1776270688.8519435,
  "backend/app/models/query_log.py": 1774115525.6240792,
  "backend/app/models/query_cache.py": 1774414133.174846,
  "README.md": 1776270688.8479433,
  "AGENT_INTEGRATION_GUIDE.md": 1776270688.8479433,
  "IATRONIX_ARCHITECTURE.md": 1776270688.7759428,